Entidad,Sector,2018/01,2018/02,2018/03,2018/04,2018/05,2018/06,2018/07,2018/08,2018/09,2018/10,2018/11,2018/12,2019/01
Aguascalientes,Minería ,71.58192763,74.53813818,81.75968273,72.96624469,76.0216299,67.74192999,70.57751039,75.16074592,73.24148438,71.10305553,78.24094754,67.38050985,61.90011563
Aguascalientes,"Generación, transmisión y distribución de energía eléctrica, suministro de agua y de gas por ductos al consumidor final ",123.1357656,125.9022324,116.3369192,131.9719765,122.6662082,134.3633385,128.9273237,124.8953999,135.179778,133.3479735,142.4529513,126.6125667,127.8887409
Aguascalientes,Construcción ,122.091917,130.3830905,126.6597238,113.1364731,115.4059137,108.9932673,116.8193661,116.5043429,117.4301857,121.9315592,126.9665489,118.1152456,115.432118
Aguascalientes,Industrias manufactureras ,156.2799363,137.0113757,143.7055213,130.8965695,143.8411261,147.8691623,123.6454524,153.326693,148.9279847,161.1859417,158.3532791,125.1596005,127.8989218
Baja California,Actividades secundarias ,119.0170004,118.7617705,122.2186947,120.9531586,123.8419614,124.8775698,127.4812047,131.4746204,128.1878313,133.6902526,127.974122,121.1011127,128.9531891
Baja California,Minería ,128.9942877,118.9632961,129.9303791,126.3838483,129.3323486,117.0767687,126.1501838,122.6673021,127.7263756,118.3815922,116.5476518,110.3484951,109.075974
Baja California,"Generación, transmisión y distribución de energía eléctrica, suministro de agua y de gas por ductos al consumidor final ",89.58547668,85.12464405,80.88637896,87.49607651,90.31085555,104.1008268,118.0149876,122.6290227,118.6912092,100.7487333,92.06629644,88.86770026,102.5658705
Baja California,Construcción ,120.1653115,117.1975941,111.6718172,108.6364703,110.1287382,106.2969859,117.3082484,106.1833001,114.8004388,113.1248998,107.1873408,106.6972994,115.0826127
Baja California,Industrias manufactureras ,122.7829361,124.6634035,134.0676323,132.5780936,136.2278081,138.0204387,134.375845,146.4307464,136.8093732,149.7652032,144.5962006,133.7388499,140.4675393
Baja California Sur,Actividades secundarias ,215.7847283,173.2419777,178.2594936,200.2938769,218.9554221,230.0343835,199.7540922,200.3665161,208.9249213,196.4633422,252.4675534,255.1828104,211.8428201
Baja California Sur,Minería ,139.2756539,116.3350884,130.0998899,132.6939555,137.7215767,145.6377505,139.6205876,141.1007978,135.9341445,131.1861558,147.8223095,136.8299012,127.6339936
Baja California Sur,"Generación, transmisión y distribución de energía eléctrica, suministro de agua y de gas por ductos al consumidor final ",114.42872,104.2509093,98.32288369,108.5273349,114.7367385,120.844888,135.5548169,138.508403,138.1747557,131.1719507,125.872413,116.520981,111.1982175
Baja California Sur,Construcción ,263.6212781,206.2120867,212.2552075,242.2501445,267.5059379,281.6823984,234.2918582,234.0461974,248.1325851,231.8356938,313.7368726,322.3171327,260.6555638
Baja California Sur,Industrias manufactureras ,97.1237544,97.13950087,98.6989952,102.8325368,107.5809215,104.6153642,104.8302175,107.421979,105.3023333,104.8799121,105.8571954,100.9865971,96.10388631
Campeche,Actividades secundarias ,73.18791595,66.30368523,72.19235193,70.87420308,71.70862635,68.15431089,71.85052275,70.61907519,70.07845859,69.70381518,66.07199826,69.70287112,69.24213141
Campeche,Minería ,75.23193921,67.25114487,73.43696732,71.83375208,73.12093568,69.30801599,72.40627563,71.96743399,71.98978968,71.3342114,67.98228556,71.28044305,70.04399187
Campeche,"Generación, transmisión y distribución de energía eléctrica, suministro de agua y de gas por ductos al consumidor final ",73.41858325,77.08198214,97.28929719,87.45464832,103.7083555,125.4604705,119.4410204,120.2002978,116.8545092,106.7737861,137.3222051,105.9279557,86.13029574
Campeche,Construcción ,49.92936425,54.13041334,56.16907943,57.77848432,53.74283,53.24088351,64.3048822,53.97418787,47.38430191,50.28231938,42.5446864,50.43206192,58.93496341
Campeche,Industrias manufactureras ,82.97195911,92.16263161,102.3574433,108.8981914,100.5434959,83.55579765,77.89462108,81.17109839,77.91663679,78.68603137,79.61810872,87.05371105,88.09243848
Coahuila,Actividades secundarias ,111.0886981,113.7618432,118.742934,114.494557,120.4840139,117.2994554,111.6534653,119.7325115,112.3647128,119.2826383,116.4281515,103.287574,114.8091678
Coahuila,Minería ,89.04023047,89.9450406,95.00378077,95.25527645,96.0525209,89.75908684,88.77650239,86.2843261,85.43790979,88.66055393,86.94937026,84.77649843,88.40965477
Coahuila,"Generación, transmisión y distribución de energía eléctrica, suministro de agua y de gas por ductos al consumidor final ",95.88833017,94.91280617,92.66740719,98.82655223,91.45263699,102.5312376,107.7090456,112.287759,106.0489561,100.5291236,98.94669365,75.213346,72.87500357
Coahuila,Construcción ,123.9437717,147.3717673,154.3946233,157.7297612,160.5288896,136.9472939,138.9693203,121.7665021,129.7523482,142.7358732,131.6467681,137.7863174,154.9001682
Coahuila,Industrias manufactureras ,111.5429382,111.2115105,116.2203453,109.8774428,117.4599358,117.0802021,109.2923057,122.441635,112.0364131,118.8978436,117.209051,100.6335304,112.5794732
Colima,Actividades secundarias ,86.66647968,88.40877609,86.38158422,97.00473865,95.33012393,101.5985037,91.52297907,99.40754411,90.71923052,91.24800754,91.62474887,92.86285075,96.61219547
Colima,Minería ,78.70255316,74.24018172,79.84150312,91.300977,87.47827381,94.82340912,90.39340371,91.74385233,91.00257797,90.20619865,66.64214203,76.36956715,82.81950447
Colima,"Generación, transmisión y distribución de energía eléctrica, suministro de agua y de gas por ductos al consumidor final ",117.7843495,120.9408216,123.3316347,141.8667313,149.3498251,163.1968564,142.9788661,174.4988588,145.7681147,125.7795123,126.5499227,119.1597467,127.2922263
Colima,Construcción ,65.00628949,66.60704169,63.61266028,75.81139177,76.64691799,80.4598939,71.93434784,70.75522752,66.33120399,78.36612465,79.10755404,78.60096961,78.37967478
Colima,Industrias manufactureras ,120.6452442,123.772462,115.1732108,108.6471049,86.22025332,89.61362396,86.04227386,94.46741873,95.99600161,86.79298908,96.61311576,112.2207526,122.1313625
Chiapas,Actividades secundarias ,68.8075835,69.2745473,71.28813161,73.7226673,81.44753765,81.31908671,78.53762493,73.84695586,72.79492176,73.55534068,70.90115445,62.01470101,61.35494164
Chiapas,Minería ,38.17227723,34.41907754,36.50602382,34.62942424,35.11949385,30.81518297,33.12333328,33.23243632,31.66382466,33.24027849,27.82752577,27.27554899,36.15093108
Chiapas,"Generación, transmisión y distribución de energía eléctrica, suministro de agua y de gas por ductos al consumidor final ",83.90969875,84.95946772,106.2279525,132.9237113,180.5957633,182.626022,134.4541043,105.9318617,76.06776448,70.95402446,60.44779578,54.14885139,53.31608199
Chiapas,Construcción ,72.9373949,80.49385351,74.48085843,79.62773305,87.3358567,79.86775827,85.65471261,85.12233166,96.53164304,93.8065204,90.44699632,71.35963873,62.92155232
Chiapas,Industrias manufactureras ,81.08268803,78.68560721,81.77467585,78.61937322,80.62284811,88.12974799,87.34321968,82.61793507,79.87125055,84.27201226,85.91242997,78.83961954,78.11279309
Chihuahua,Actividades secundarias ,115.3887971,112.284997,116.7540541,116.6396797,118.2129415,118.8238352,117.5890494,119.6733859,119.0164275,119.939343,119.3710212,115.75042,121.5621428
Chihuahua,Minería ,123.6810597,111.1567893,130.8277874,120.9625871,123.9202489,117.6848917,113.8180112,113.2689876,113.1336968,127.2228166,114.9216372,120.4811402,119.0407958
Chihuahua,"Generación, transmisión y distribución de energía eléctrica, suministro de agua y de gas por ductos al consumidor final ",101.1499966,103.3063116,96.96856058,101.9663913,97.19312151,116.6123238,118.3969881,118.667449,122.226964,115.2201583,105.1103231,102.02741,110.3554977
Chihuahua,Construcción ,87.93134165,95.72829396,88.36226143,99.5980009,104.3575547,107.5253516,104.54628,96.98876279,99.84528717,96.2579027,89.30301858,99.78057715,104.0145078
Chihuahua,Industrias manufactureras ,123.7143767,118.1596004,125.1064964,122.4667434,123.5145747,122.5130072,121.8586747,127.3059228,125.1469187,126.3899607,130.1671086,121.1177603,128.1244272
Ciudad de México,Actividades secundarias ,101.0235968,98.66014653,100.6317858,101.4312733,105.194295,105.2162766,103.3376549,103.3014527,104.1090355,104.411154,105.279284,102.0853185,98.30171849
Ciudad de México,Minería ,125.042336,116.5721831,127.1209748,127.7371377,137.459407,122.7022987,121.5316543,121.6849786,128.1145767,115.815349,120.8210086,119.5750891,105.2959008
Ciudad de México,"Generación, transmisión y distribución de energía eléctrica, suministro de agua y de gas por ductos al consumidor final ",105.4437587,102.3403647,104.3687608,105.3517254,105.9298996,106.179657,109.1330932,105.7635782,105.928937,107.2268733,108.9247435,105.0249883,105.5619116
Ciudad de México,Construcción ,117.9921047,117.0309902,110.9310358,112.2817938,120.3346079,114.1925606,115.474317,107.6850636,118.6666064,113.9107364,117.6458573,120.1607533,111.6209225
Ciudad de México,Industrias manufactureras ,89.71412707,86.50698526,93.67805153,94.10760193,95.34644095,99.33770923,95.04295882,100.2695994,94.55789304,98.05439506,97.00518044,90.18070249,89.13667048
Durango,Actividades secundarias ,91.98017208,93.4105128,91.36510926,93.16749107,97.57582613,96.3402194,98.06857252,99.00100409,91.44120026,97.63479571,102.5476783,94.01779762,92.56712303
Durango,Minería ,77.47231198,70.32289861,79.22858211,78.35463777,80.33849649,80.02046172,79.62934761,78.14297089,78.80711314,90.52742895,84.88723254,86.63248832,75.57359698
Durango,"Generación, transmisión y distribución de energía eléctrica, suministro de agua y de gas por ductos al consumidor final ",81.62986269,79.0888069,78.22522402,96.609232,106.2936145,127.1223112,125.6612244,128.5642434,124.1773433,97.68873197,88.64874301,84.14640588,86.16803174
Durango,Construcción ,93.81206473,97.91105093,86.38624106,88.25459964,89.11633771,84.77957159,96.54461439,84.51473275,80.9715485,91.50250981,106.9026377,98.10676325,91.64890269
Durango,Industrias manufactureras ,96.81589516,100.0791545,99.14958787,99.94454601,106.3105919,103.901053,101.6505004,109.5964485,97.07199891,102.9441947,107.5179029,95.41248043,99.12875228
Guanajuato,Actividades secundarias ,125.7370605,127.6363042,126.6690739,124.1468258,130.5811943,131.2250034,123.4233151,127.1773201,125.8519639,129.0304716,131.9594489,113.5268166,122.5211794
Guanajuato,Minería ,97.03921185,95.07668032,102.5002612,106.6343825,99.81294949,99.50656149,100.9307805,107.0564173,102.3074208,99.81738445,100.0672169,95.55770569,84.39583812
Guanajuato,"Generación, transmisión y distribución de energía eléctrica, suministro de agua y de gas por ductos al consumidor final ",147.9214314,125.4134478,129.6434709,147.4115002,131.312161,155.8898247,158.3740219,151.554965,159.7010228,158.5283662,167.911378,159.5143477,142.5786186
Guanajuato,Construcción ,112.9209895,113.7492708,103.5335026,100.5373844,102.6219474,102.6073208,109.5112098,103.0033998,105.6574527,116.9988945,107.0606451,115.8364022,118.2757475
Guanajuato,Industrias manufactureras ,129.9227757,133.824457,135.8978773,132.1576637,141.9455174,141.3864796,127.1039349,135.394023,132.0339209,132.4755089,140.001858,110.2031982,123.7599209
Guerrero,Actividades secundarias ,97.34314048,101.6812663,105.8223598,101.8396826,106.992902,106.3618451,102.6786777,100.9684392,100.4926994,103.8813699,100.7924989,105.9375799,107.6804955
Guerrero,Minería ,164.126081,154.9790344,160.6654421,148.2513362,154.774558,151.4848092,150.1314648,159.7786106,162.4106439,164.1054192,164.1392424,164.339246,196.475591
Guerrero,"Generación, transmisión y distribución de energía eléctrica, suministro de agua y de gas por ductos al consumidor final ",93.11714943,105.7361162,128.5911884,117.0448205,129.9433961,126.7595428,104.8239224,115.2973375,111.4806919,115.4005193,119.7454013,107.3440728,118.8158853
Guerrero,Construcción ,85.00713014,90.39537275,87.155135,87.00929083,89.62811947,90.59002185,93.42636282,84.19063885,83.11940866,87.87220505,79.79147406,95.12330214,86.98564799
Guerrero,Industrias manufactureras ,92.77376248,92.80116231,95.02770854,94.97389112,97.04548572,96.60737258,94.10525289,92.23950218,95.86325516,95.30496221,96.3710429,95.1477088,93.26261437
Hidalgo,Actividades secundarias ,106.2847845,105.5205442,110.8331649,111.3547067,115.1784574,116.0066718,114.0868713,112.4897334,108.4742333,108.228587,105.9377904,105.5627006,103.3917577
Hidalgo,Minería ,98.20611916,91.68282165,104.5788767,104.4314622,98.09637952,100.031917,88.55560905,92.31169097,95.40766762,106.6174295,104.3515972,108.1932839,74.73939152
Hidalgo,"Generación, transmisión y distribución de energía eléctrica, suministro de agua y de gas por ductos al consumidor final ",99.01658815,85.65721734,84.55949767,106.5991546,104.4615605,108.7047731,95.08274833,98.82296063,90.41782135,80.35211371,86.71235639,85.53388153,102.4917845
Hidalgo,Construcción ,110.2704708,124.4294389,123.8346664,108.6105669,112.0273137,116.625143,121.9730594,106.3558002,110.8846751,110.2641306,95.14745273,98.33134425,103.4799726
Hidalgo,Industrias manufactureras ,106.1675322,101.6066671,109.8261456,113.4848393,118.848011,117.6243581,115.0063533,117.929545,110.809502,111.5800083,113.1153919,111.2347461,104.9137846
Jalisco,Actividades secundarias ,121.5902839,119.1417481,118.2398482,118.0740063,121.7511602,123.2101722,123.493511,129.3752943,122.9614493,128.7378748,126.2829631,125.0393006,120.9385112
Jalisco,Minería ,91.76406742,97.37980185,97.63501853,97.34983114,104.4524298,101.0742089,95.68955494,93.31370804,78.51122396,76.80490334,75.30444671,71.76636079,85.11477827
Jalisco,"Generación, transmisión y distribución de energía eléctrica, suministro de agua y de gas por ductos al consumidor final ",118.4548465,114.7846956,113.8568799,118.427202,116.7529859,123.8886622,123.7098755,120.9735195,122.8453231,124.9608628,128.3919724,120.5838421,119.5621011
Jalisco,Construcción ,114.691129,107.8543477,106.3463214,105.7281007,109.9685787,108.4348794,114.0664047,113.9339265,105.9247691,119.9551488,111.7523116,129.1951973,125.8268505
Jalisco,Industrias manufactureras ,124.9049983,124.1406857,123.4619332,123.1804786,126.9220335,129.2684806,127.5626647,136.4532994,130.2661423,133.1384454,132.5575593,124.4281623,119.6059682
México,Actividades secundarias ,109.5009377,104.9090925,105.1582901,106.6272145,110.3543771,110.7363241,110.3286048,108.7497759,108.1397304,112.9100257,106.6201138,100.9284849,104.6384337
México,Minería ,97.07401324,94.93961021,101.937303,99.23243481,98.85049728,96.38935125,96.69354442,95.47887118,93.21845067,91.42930485,90.19452405,90.74849828,95.01687778
México,"Generación, transmisión y distribución de energía eléctrica, suministro de agua y de gas por ductos al consumidor final ",110.7905285,111.403786,103.0563327,105.6649336,109.8613501,96.5301409,116.6068777,105.5491947,117.8252687,113.8064859,109.0357435,96.05898927,95.02966234
México,Construcción ,141.4722374,142.016473,135.331351,133.4889496,130.1971254,133.2723297,136.575437,124.4161456,127.8124815,128.6477744,113.4780514,124.77984,136.2936409
México,Industrias manufactureras ,102.0213423,95.80957043,98.19149703,100.4353568,105.8632289,106.6016369,103.8822811,105.4664831,103.039229,109.4589665,105.0904398,95.76721139,97.94338783
Michoacán de Ocampo,Actividades secundarias ,99.79661685,104.1485253,107.3105586,105.2849321,107.8100131,102.3575142,101.2088653,96.7294672,95.12385525,100.4283308,93.9781029,94.79829256,100.8902803
Michoacán de Ocampo,Minería ,67.87397823,62.47069482,71.14734408,75.82402917,76.3954502,59.31715418,57.6924056,64.23075813,54.43796867,50.91143903,47.81390576,56.47576402,59.58470882
Michoacán de Ocampo,"Generación, transmisión y distribución de energía eléctrica, suministro de agua y de gas por ductos al consumidor final ",107.8711152,112.9490437,108.5195756,111.7617951,110.235808,113.2570237,114.2323653,102.5621726,109.4682657,114.1831539,124.5669468,109.6125288,116.1574661
Michoacán de Ocampo,Construcción ,110.2197276,115.2614089,109.8271821,113.9262032,115.9154729,105.8236849,106.1419642,102.0049087,105.7962478,117.6078156,97.07628304,100.762108,116.618005
Michoacán de Ocampo,Industrias manufactureras ,95.59103251,100.2013585,108.5553671,102.0613148,105.7259528,101.9034654,99.68488696,95.50797591,90.32146035,93.18468939,90.39374426,92.05560431,93.47618038
Morelos,Actividades secundarias ,109.7598605,109.9040498,107.5070025,103.821281,103.6762127,113.3855366,105.0114518,110.9329382,107.3542797,113.2615688,116.5163253,111.8952754,113.0233996
Morelos,Minería ,105.2846745,104.4610964,111.8170916,111.2040854,106.4559386,113.0923209,109.8080999,107.0954106,105.0116845,112.5049874,115.9915995,113.6165205,104.9104212
Morelos,"Generación, transmisión y distribución de energía eléctrica, suministro de agua y de gas por ductos al consumidor final ",116.0064246,119.215894,111.4146935,126.4279275,116.5614343,119.060905,117.7291557,118.3874341,119.3482779,122.7925009,127.8638946,124.5764335,120.5338339
Morelos,Construcción ,112.6096899,132.5670578,119.8836483,122.15828,111.3409397,140.7217469,127.8626599,118.2668941,116.6952098,126.3858897,138.687231,135.5862289,133.8145738
Morelos,Industrias manufactureras ,108.0931535,96.94894782,100.2346472,92.48568024,98.83981095,97.73193218,91.51305033,106.6676913,101.7612946,105.5519099,103.6176476,98.0213367,101.2711897
Nayarit,Actividades secundarias ,93.17342184,106.031604,96.66100601,95.54789129,120.4550027,113.1171984,114.8035821,110.5524972,115.4575665,121.1286229,87.16299611,92.09582672,90.26367433
Nayarit,Minería ,90.44954529,101.0199704,99.76645038,96.02674049,116.4571366,94.89026752,100.7490385,105.1887385,100.2937692,87.4972719,74.45303287,87.15547497,74.90731701
Nayarit,"Generación, transmisión y distribución de energía eléctrica, suministro de agua y de gas por ductos al consumidor final ",95.46104788,90.73317489,88.10591272,107.573269,259.1914644,331.4057985,299.5412766,291.2737718,359.5639307,498.3399262,212.9307173,125.5728363,103.5104805
Nayarit,Construcción ,81.52311366,105.4957401,88.06345533,85.91711602,102.4232262,89.11228434,95.69092746,89.18954316,91.89298352,86.49481081,68.40350493,87.37280918,79.13975079
Nayarit,Industrias manufactureras ,118.2401449,112.768357,117.1023475,112.6982183,119.2737727,104.3529432,104.4982801,104.4551869,97.4682312,91.643733,93.22795183,93.45564142,113.6297767
Nuevo León,Actividades secundarias ,106.6075656,106.2306103,108.4522597,109.6138747,113.237519,112.1000959,115.9864933,122.4539073,115.2999619,121.0763313,117.6144176,108.4965334,112.5364944
Nuevo León,Minería ,88.18216834,85.97227348,90.11847556,89.35775569,94.04158166,86.50942527,93.25637612,93.82627531,91.54539635,92.1044142,91.25546458,92.27736053,92.22146575
Nuevo León,"Generación, transmisión y distribución de energía eléctrica, suministro de agua y de gas por ductos al consumidor final ",100.4307684,95.70177265,89.79455833,99.51461101,96.17520035,105.9614073,110.3277478,109.0066259,113.27119,111.3923635,107.9976642,88.4251187,108.0389895
Nuevo León,Construcción ,111.0691936,114.549194,106.1205577,104.6033583,106.6040619,106.2811888,120.3720133,111.2011588,110.4708369,115.2989114,110.4835034,113.5802008,116.4270902
Nuevo León,Industrias manufactureras ,105.9698065,104.3486925,111.4398331,113.2527139,117.9517985,116.0592752,115.539363,129.280017,118.501179,125.3969225,122.3774276,108.3937159,112.112961
Oaxaca,Actividades secundarias ,103.6955566,86.67142108,91.53456487,95.14397896,96.44269175,92.28380719,89.89203719,86.18216875,77.46571814,85.05283205,95.78540312,94.88909308,90.40424719
Oaxaca,Minería ,182.8263064,133.2501276,145.9195531,170.410607,231.80221,210.7698777,136.5249436,200.4400935,207.1328764,157.547753,167.9914027,132.093627,191.703807
Oaxaca,"Generación, transmisión y distribución de energía eléctrica, suministro de agua y de gas por ductos al consumidor final ",97.8895372,108.1266048,116.9536696,127.5090937,121.3618182,99.94159443,115.1849822,101.1058748,101.8477204,116.752233,138.9070707,145.7013451,128.4658191
Oaxaca,Construcción ,108.2461846,86.04094633,81.49224185,77.66429359,77.50805788,79.1460046,80.29435346,72.99452403,64.48452291,77.27682693,89.88223051,88.37533885,79.4202748
Oaxaca,Industrias manufactureras ,93.65438182,81.53990238,96.03728683,105.7670136,105.3635915,97.89038642,94.45305361,91.27632085,80.1106033,84.96249058,92.23160501,93.57755784,91.15578978
Puebla,Actividades secundarias ,109.4781698,114.7935337,121.8374342,117.8183342,129.2609022,121.5863439,126.3248356,122.3299222,110.0902304,125.8724147,117.5252356,110.708832,120.4554375
Puebla,Minería ,55.01055694,48.09399182,51.76743879,51.02133772,53.56132891,49.76956224,49.01723401,45.27429109,43.77788097,44.22508405,42.45506733,46.4485848,45.04222257
Puebla,"Generación, transmisión y distribución de energía eléctrica, suministro de agua y de gas por ductos al consumidor final ",118.9680346,119.5508218,115.2545494,117.6712432,114.1069604,111.8290801,119.0369287,118.5789026,118.4112106,130.8346168,102.6403562,81.70214606,78.84178025
Puebla,Construcción ,119.6828643,117.5309761,119.1572449,115.1577345,124.1407995,120.9849581,120.1043881,110.0552082,113.4234849,116.7790583,107.7487687,142.1563909,129.8238808
Puebla,Industrias manufactureras ,111.3989089,120.2484702,129.912864,125.0826265,139.1806681,129.5215261,136.1008768,133.4186784,115.0807498,135.911706,128.5966645,110.8631439,128.5029211
Querétaro,Actividades secundarias ,134.3989425,135.62401,138.444417,127.8841173,135.71926,132.9347883,132.420604,137.7630294,133.7950931,141.0721852,132.7090222,127.040206,134.4657304
Querétaro,Minería ,80.19676223,81.32543172,87.27555923,83.40824072,82.61183914,79.66406745,82.15495853,82.99788024,96.61309502,92.93557532,84.33466507,94.54493204,76.30429236
Querétaro,"Generación, transmisión y distribución de energía eléctrica, suministro de agua y de gas por ductos al consumidor final ",138.9551298,138.804853,123.52623,139.8795155,137.2217042,140.5278049,137.6111758,140.8754322,120.8675512,97.09230972,102.7832979,97.4478198,96.02178211
Querétaro,Construcción ,122.8373479,130.2196715,133.0806641,108.9708626,112.1247633,106.067679,115.4536928,106.2656574,124.6256427,131.2195989,105.1357581,130.9240059,121.5047503
Querétaro,Industrias manufactureras ,140.1253853,139.0830923,142.8917523,135.6862472,146.1976719,144.3002707,140.0596788,151.2130419,139.1680471,148.9051882,146.471666,128.2955118,143.4446308
Quintana Roo,Actividades secundarias ,122.9947427,109.0176141,110.637454,119.0064953,125.6747476,113.3375535,124.8324049,124.152039,130.5897633,123.8040355,119.970605,124.9627786,115.3799684
Quintana Roo,Minería ,222.1018151,171.4628532,220.877873,189.21713,220.2505762,196.4809996,189.8407492,275.1416629,278.782368,165.8856816,151.4292616,157.9635608,271.895748
Quintana Roo,"Generación, transmisión y distribución de energía eléctrica, suministro de agua y de gas por ductos al consumidor final ",117.4145532,111.898419,115.344716,124.7737335,139.1971427,138.9758696,155.6750496,157.0452406,189.3793581,162.6903659,162.5357544,130.833708,123.8056331
Quintana Roo,Construcción ,113.4001464,97.74004379,95.37892428,108.1820157,113.9504946,99.54709361,115.654558,109.9877906,113.0235459,112.756642,108.8747403,116.1282631,98.51063649
Quintana Roo,Industrias manufactureras ,152.4112529,152.0253217,161.5840277,155.7685347,156.2137672,150.7101094,138.7944146,141.3562422,151.2295618,149.0215261,145.9999504,160.6299395,160.6670446
San Luis Potosí,Actividades secundarias ,121.1532261,121.1730081,125.3978202,124.2178669,127.1244927,123.6421438,116.0732573,124.5754672,119.5253444,122.7249774,117.4568069,103.5112705,124.0904964
San Luis Potosí,Minería ,76.7820255,79.80757669,78.38194576,78.46103276,83.69621681,75.28746361,73.8086928,69.68061805,67.72055563,72.3313812,73.36835818,70.86664686,69.24133314
San Luis Potosí,"Generación, transmisión y distribución de energía eléctrica, suministro de agua y de gas por ductos al consumidor final ",107.699633,108.9839854,108.0095994,136.1122114,114.687751,138.6802611,132.7456927,127.4979107,136.4220768,111.5719905,106.178824,89.9911467,101.6451694
San Luis Potosí,Construcción ,104.1158107,104.4796623,104.3760598,109.2739229,113.0230829,107.1343823,102.2230293,93.71916577,94.38035248,100.3573885,86.88473623,88.78847494,98.84912227
San Luis Potosí,Industrias manufactureras ,132.7316151,132.2089255,138.8925829,133.3080439,137.546062,133.2964671,124.0487451,140.6446899,132.2850367,136.5601204,133.331125,113.0342589,140.2375618
Sinaloa,Actividades secundarias ,108.3737695,106.9471512,113.1634186,114.2113614,117.1125113,118.9886553,116.3863776,112.4854123,117.4064881,122.6347201,118.8158772,123.1169201,116.7502825
Sinaloa,Minería ,151.6103622,111.008177,144.8827743,128.5755954,136.2287147,140.1275535,127.9092321,128.0690897,136.1941216,130.5122341,131.5853537,140.9434551,118.5607508
Sinaloa,"Generación, transmisión y distribución de energía eléctrica, suministro de agua y de gas por ductos al consumidor final ",92.92983047,85.02306536,93.84127808,101.6184558,96.22863637,114.240142,120.3942069,133.994118,153.5397071,148.8728398,137.3388863,107.3699587,111.1354293
Sinaloa,Construcción ,107.0172146,103.4329766,108.8142578,111.4300441,113.6642763,111.0666658,106.9666294,94.33671681,104.5485455,109.917173,110.3054388,127.4128779,118.9443929
Sinaloa,Industrias manufactureras ,110.3697278,117.5857411,121.2905095,120.0772522,125.8352965,128.3511382,125.9951474,127.5277221,121.0095065,130.1308414,122.7857277,120.5829977,115.4636763
Sonora,Actividades secundarias ,112.9605486,107.6303561,111.1789209,107.4095089,112.5415306,113.8382103,110.2201786,113.0234557,111.2470085,111.4437245,112.1427165,109.2820168,113.2509263
Sonora,Minería ,139.2291413,129.1666153,145.1821511,144.4438873,141.4664653,143.1828655,140.7202221,141.8271026,135.9652224,136.7648233,138.1035269,140.2259565,140.3840081
Sonora,"Generación, transmisión y distribución de energía eléctrica, suministro de agua y de gas por ductos al consumidor final ",105.8459574,100.5832429,99.26707486,112.5948393,116.4213216,137.969191,164.2055116,156.0033071,162.1309319,142.1384467,141.3590512,126.8071589,105.0189135
Sonora,Construcción ,107.1786042,104.7556983,109.8361066,111.4494412,115.8311844,117.7028698,116.3900579,109.358507,105.2406494,106.1234626,101.885042,111.8008858,96.93898422
Sonora,Industrias manufactureras ,106.4762749,101.7849546,100.9339993,92.85934198,101.1462719,100.3983007,93.0879565,100.7311352,100.4876567,101.9449635,104.2196602,96.30359677,110.1277391
Tabasco,Actividades secundarias ,100.1294312,78.78459616,80.14038017,77.63374401,80.62393122,80.2801297,74.01919905,81.93258352,70.45432072,73.53454973,66.34037622,62.3503304,81.06222986
Tabasco,Minería ,108.8233643,83.12361845,84.05843288,80.95412845,85.19933849,85.56194036,76.69847878,87.85407804,73.79493637,76.49066663,67.63792305,63.73586734,87.40478564
Tabasco,"Generación, transmisión y distribución de energía eléctrica, suministro de agua y de gas por ductos al consumidor final ",99.76999932,87.62680432,95.94268648,107.5323608,101.9012212,99.75144022,110.2840014,108.4410743,112.0446798,115.932238,120.1287936,107.6083706,103.5125401
Tabasco,Construcción ,62.06213038,59.96645614,48.58907461,53.47355167,52.08872249,56.3259042,56.42801931,52.9235395,52.00676134,55.87677383,53.06087499,41.42254478,39.90097201
Tabasco,Industrias manufactureras ,81.87172801,69.18755861,83.73611618,77.85688261,77.55866273,69.18268883,72.11542449,71.17649553,65.20891073,69.83799987,68.19925456,70.59476946,78.45323726
Tamaulipas,Actividades secundarias ,91.76622876,94.32343468,96.51347562,98.40801975,96.41090931,97.52225341,94.23063561,98.4799212,99.39735799,100.4599152,96.03518976,89.91734392,97.02867553
Tamaulipas,Minería ,53.31364651,49.61587882,54.36807076,53.43115563,52.89931405,55.44990105,53.55201464,51.28637694,45.17809699,49.7932462,46.86162897,50.39422075,50.51375389
Tamaulipas,"Generación, transmisión y distribución de energía eléctrica, suministro de agua y de gas por ductos al consumidor final ",81.46657148,110.691331,106.2796514,102.0013581,96.73410135,97.74538486,113.6780289,111.857939,117.2393152,98.87812481,92.68449444,75.40513433,75.23338455
Tamaulipas,Construcción ,97.99478551,107.5764591,103.8189439,109.8759365,102.3184086,102.474102,101.1186534,109.2543011,107.1145664,106.5318569,97.4575767,99.10651891,110.7584086
Tamaulipas,Industrias manufactureras ,97.74679704,95.34946763,100.395589,101.7568121,102.2710245,103.5289713,96.87525404,101.4152891,104.5033841,107.8631835,105.3732601,95.31427172,102.6672429
Tlaxcala,Actividades secundarias ,98.15829654,97.39071386,102.785347,97.25294723,99.15403146,100.4608076,98.33263565,97.2264119,106.490262,107.1423015,98.9070565,109.5514582,115.926059
Tlaxcala,Minería ,84.0039848,82.62082647,85.22716223,82.55070417,82.56982644,83.35076876,80.79216821,77.62335835,80.76427058,92.86802992,86.46939305,94.27984393,91.48746389
Tlaxcala,"Generación, transmisión y distribución de energía eléctrica, suministro de agua y de gas por ductos al consumidor final ",105.3407864,119.2062191,104.1508392,116.3807213,106.9026495,115.0604297,112.1269412,106.8533059,110.5532044,126.3331711,101.7874992,106.1940167,113.9430354
Tlaxcala,Construcción ,76.84557495,75.6932748,85.30667828,64.77744709,65.43135091,72.82131313,67.24900323,61.90678549,81.49681254,78.69391351,50.29962179,115.4956146,129.3389983
Tlaxcala,Industrias manufactureras ,104.2845686,103.0346296,108.1106186,106.118,108.8857675,108.1632501,107.0708366,107.3992603,114.0296502,114.8340544,113.0574682,108.2668772,112.6041846
Veracruz de Ignacio de la Llave,Actividades secundarias ,90.74992367,85.81291229,90.72160191,91.59857545,89.29352163,85.14465009,93.85703524,93.11070624,90.5555299,89.83979863,81.84517249,87.93820417,92.12052439
Veracruz de Ignacio de la Llave,Minería ,68.19837077,61.49097762,67.49547484,66.85636262,68.38111807,66.97426498,69.34175101,66.76156266,75.43667965,65.30944071,61.66132497,65.50082354,65.19297853
Veracruz de Ignacio de la Llave,"Generación, transmisión y distribución de energía eléctrica, suministro de agua y de gas por ductos al consumidor final ",106.8857539,100.709009,106.3905099,106.393743,103.9691002,100.6873081,110.445509,109.0993868,104.5112141,100.9521652,107.0700714,108.7751081,95.11081937
Veracruz de Ignacio de la Llave,Construcción ,78.39179843,87.17258004,78.81199237,77.20672469,84.91766954,91.4640569,102.0206731,94.40603029,96.98361734,101.1405732,82.54459746,86.56993023,84.64898958
Veracruz de Ignacio de la Llave,Industrias manufactureras ,104.4285348,92.65318421,104.4871634,107.5011596,98.02701692,86.61949996,96.69235204,100.6430559,90.97349699,91.71427165,85.8810532,94.68844257,106.7292404
Yucatán,Actividades secundarias ,128.6107034,126.0584849,123.4674716,122.5230768,126.8812677,126.3131824,130.453804,130.7154367,133.3349254,130.8213403,126.8761903,127.2426692,128.1107778
Yucatán,Minería ,127.2666549,122.4557498,116.3225836,114.7069917,117.9570851,110.2282165,121.9315953,125.5364137,120.3926115,117.8459305,118.2955865,115.0609208,106.9119629
Yucatán,"Generación, transmisión y distribución de energía eléctrica, suministro de agua y de gas por ductos al consumidor final ",73.10954022,86.53267733,89.82831674,111.3905615,105.3150364,107.5367066,101.0639528,112.5076478,109.9161892,98.40168688,112.9679704,110.3072107,112.576189
Yucatán,Construcción ,138.0688172,139.2904578,116.3204169,112.5155143,115.2520895,113.6614443,131.1845826,122.1406996,127.5802231,120.5119066,111.1342204,107.964642,116.4290886
Yucatán,Industrias manufactureras ,131.753476,122.3029331,137.6464197,134.5557476,142.7170481,142.7474299,136.3873036,142.8412496,144.2045746,147.8957464,144.9021647,149.3533944,143.1111265
Zacatecas,Actividades secundarias ,100.2040263,95.712054,102.2120277,97.67280251,97.8269355,96.97279532,101.9654079,91.48352645,88.55067139,90.90021505,93.56722014,94.17256888,91.86313756
Zacatecas,Minería ,86.18440391,75.61978019,85.54733162,79.87405354,73.41224503,69.52822894,77.10825887,60.66339707,60.4366782,60.38707384,66.82306332,68.39421265,69.96656571
Zacatecas,"Generación, transmisión y distribución de energía eléctrica, suministro de agua y de gas por ductos al consumidor final ",88.1436863,98.48925752,80.41985206,86.57082832,88.05677001,91.3098551,87.38560845,91.35038501,89.35851838,84.13928942,88.49059922,85.14900108,90.89049506
Zacatecas,Construcción ,93.7716685,106.4340731,106.7681191,98.63010595,109.978283,115.5464827,123.6042881,114.5799792,105.8340326,114.5409357,116.3519293,120.2806379,105.2590272
Zacatecas,Industrias manufactureras ,136.1615928,127.488203,134.8883803,134.7934783,138.5660647,137.8601453,135.692637,134.7745201,131.3047778,133.7527427,129.2074644,125.2694061,125.384383
Aguascalientes,Actividades secundarias ,143.4232529,133.7634342,136.8073141,124.3563692,133.3049942,133.9347951,120.7755521,139.8041409,137.4297172,146.718298,146.7864903,122.0797414,122.9262091
